{"cameraMode":{"drawMode":0,"name":"Shaded","section":"Shading Mode"},"sceneLighting":false,"audioPlay":false,"sceneViewState":{"m_AlwaysRefresh":false,"showFog":true,"showSkybox":false,"showFlares":true,"showImageEffects":true,"showParticleSystems":true,"showVisualEffectGraphs":true,"m_FxEnabled":true},"in2DMode":false,"pivot":{"x":-5.153733730316162,"y":50.40176773071289,"z":2.437870979309082},"rotation":{"x":0.04228734225034714,"y":-0.48237451910972597,"z":0.023319905623793603,"w":0.8746367692947388},"size":2.3239238262176515,"orthographic":false}