{"cameraMode":{"drawMode":0,"name":"Shaded","section":"Shading Mode"},"sceneLighting":false,"audioPlay":false,"sceneViewState":{"m_AlwaysRefresh":false,"showFog":true,"showSkybox":false,"showFlares":true,"showImageEffects":true,"showParticleSystems":true,"showVisualEffectGraphs":true,"m_FxEnabled":true},"in2DMode":false,"pivot":{"x":0.009602606296539307,"y":-5.960464477539063e-8,"z":0.002008795738220215},"rotation":{"x":0.21416430175304414,"y":-0.23185878992080689,"z":0.05240997299551964,"w":0.9474359750747681},"size":1.2062444686889649,"orthographic":false}